video_ids,
NCm8O2udqxE,
pt-wNAj8p-A,
HBZ8QHoSbIs,
-a-Wq6FnNHA,
oGWzoNiWGk4,
UWAI_x0hc30,
zIjLXAIfL4A,
S_jVEmDdngA,
jx7-evypX50,
dEQWfr6_xhg,
E5J0Udob4AY,
ypz1OJR6AJQ,
d_ekJXGYaI8,
LtvxtjdctLE,
8lZdJ-XTU24,
ywwD6lkY9t0,
PXNjFcUX5Po,
ePbl4cOG-Oc,
ilqdVA56XKM,
GR4yiRD2g8E,
M_JLplqhLIU,
dhWiPwYuy9s,
ApzxFer-Acg,
L0s958pJiW0,
xlOpZ-ITeD0,
9D8BcU6G2aQ,
8z6_4BaSh7Q,
d17VPpyuiz8,
ClGL-3aCCQg,
q-TiffYl0FI,
q-TiffYl0FI,
p0RjT9SNFxc,
DEZzoZKi7N4,
VpsbHEQW-9U,
xKiOa9krxgI,
NX9ZJhsema0,
4W9D38KoRmg,
ZHkEXtilcpg,
rw5D7nk-snA,
98dvtHjBnLA,
WtaTr8XOyAY,
bJ2hcjSfOmo,
IQ-gGY1Ur7M,
Zecz9Tn0DoY,
gqF8c8Rn_nk,
bWd_Mg4JTK8,
Kyy6_mXJ0EQ,
CJPGm0HDjO0,
pDuR-zEvYRo,
Fu_bAG221zI,
g_EwDqbEkkQ,
kOCkQAxi_gQ,
kCFJMgsObCE,
2CY-S1Z_I38,
OtNzONecCSA,
mm0sZQvFH2g,
ZUfN4-Rx_mI,
8yF5omB76VA,
oEwufx9HEgU,
--zzdKzH4OQ,
jEaX0MgFBZM,
SKzp17yoLRI,
Si-IZIgi6Zw,
1voq6P21qps,
Iu-fcseTVAs,
6R6999VZKPc,
sTtNSElS7HU,
StBtJ8RUvwc,
95E8QdoHnn0,
45aA4LEys7g,
vYCJTYBYL1U,
2QzPC-GjEZo,
GfErbmlbYIo,
IqK8oPUXgh4,
JPYh19wAyvs,
cJ9e8hEEpZE,
_iFTFtjbRtU,
7NAfi6Jl4pY,
PgjyyTRg_rs,
9tvYM9uo8Rk,
OXpYXTjAqJo,
cQ27FNg-g9k,
D38YGm0E2zM,
5jJl0YzI1QA,
Zosh5JxmO7k,
SUyRm4FUmSc,
Aqro2sFwA0w,
4dAFfOF1834,
1_f1IcESMzs,
mDPBneGDEGk,
QGPZPStYu4Y,
u1qvD0qpaIk,
4oDX9EtEsas,
I6voV31MoBk,
FE50Rxtq_d8,
_Z61bNLW6l8,
79h1WbD4SUM,
dBFa-hI6M2U,
Dp1z_fNeKEs,
vAYWlvhzXYo,
Cq5G03vwMH0,
0jJnZWOEOAI,
UMige1w_1ys,
eR7GK7ZCp5k,
NMk2JjrO1hc,
fQY78hDmITA,
eKfu99bhGzk,
fpocukZN6KY,
ck0jenODs8c,
ir8RUywNrpc,
5JPzlvi3kdc,
lvQYpY-aZGw,
g86fbFrhXu8,
CRYocdFxXhg,
n8l109wIUG4,
nV1niQVFyHI,
C7rWK4p2_yg,
uzKNVndQFFg,
nGXNxnc5bVI,
m-GGi8Gbfjo,
4-yehzUJ3LE,
bpQzD5LZbhI,
t_Z2yVnj0yQ,
WTXwUO41V40,
hbNkjgewmnQ,
q46wjZqfao8,
bfvtfjndz3E,
cX0S48iH6x4,
dgsKvCSfI5I,
n5GRSSLFwts,
xGnGfR0tD44,
Z0g2Q_LJd-4,
XU47aNFCmcw,
qb5wOAZDtHk,
ZE4Z_iQ5_nU,
bQFHc4h0E7Y,
POCO6Hs2Spc,
ybgvfdtOrQo,
rmKTrLR2kkU,
Fo792SD32U0,
lDANXi4eMgo,
ptycSvOmw6o,
_RKu4furQgY,
lJxjDaq54wI,
VIgxFG7EKwo,
lJxjDaq54wI,
VIgxFG7EKwo,
yPECavrNDFM,
wano7jtYJQI,
3aHlPZuyUxc,
8QNLQrJtgg0,
xpr0RzkXJUg,
jVtHOADvi9M,
MiWBlpifOVM,
rZfgum1AgHo,
-Xcu9TKpLtg,
iHcSxjG9kGg,
DjO8kfrINfw,
eUpfRndjc9c,
hKJGTCISWUc,
LuVfXZcEQuo,
Wqmne0Vn1Uk,
T7Ckb5iC2OA,
g3ahKqJEpRY,
k5XyWUELUSI,
FmcSw_hvbjI,
trRCNKziPXY,
O2yp8FR4XXg,
ROnHXbsNmLI,
xUO26vGNEyA,
aL6K_lO9VgE,
QllC_Wr6kzc,
gqQWH-ps48I,
whGEe2c5QHI,
WDFXK5gBVC0,
g36sPZik45c,
-SslwXGo25w,
P-aEZ5QCLfU,
ffDXhm2vjDs,
yKbhQv4Evwk,
zAFD3_jnElY,
A3kKEhvuJ5E,
RPHkCWd76B0,
QUTqtN_n8qc,
jr5t2gN2cUE,
9tIxPXLZDjk,
IhFeJspakDk,
hX-ehcp-Rik,
mOw5x-7xth8,
PTf7Yz4KSLs,
i4qcC0LFfTs,
n_etfesTPVY,
whjOIh-hPtU,
aZdR3TJRtX8,
qmiiZiKXvkY,
wb7KInyW2AY,
lFh33XzY5o4,
DEz2W5ZpObk,
ewp4QUbpcxY,
Bf2_4-cpyE0,
tMCTN6j-S5I,
Ft0CwhlcjPU,
H8UaDpw7PY4,
JlPqwhmxfgs,
a35uYQODHjc,
H8UaDpw7PY4,
JlPqwhmxfgs,
a35uYQODHjc,
eFDjulU_zWg,
xiG-X9pCSnw,
_7JFBk1R020,
ENIgZECs1fQ,
A_uwFpblzdY,
w_Lw0Ix2E54,
GJ6rylW5D7I,
ZlMrxdd9t-E,
SZxW3TuduBU,
h5_c1H7w9OA,
xtbU9KbZ2_g,
RtFZuIBQl64,
bPhSOVcVOBo,
w2I5MfnSEGc,
lxkFgkEscY4,
qGanQFvZhWs,
wv9mM-tcIFg,
7q3-PiJy7yE,
xZFj72v6ZMQ,
gzQb1FIFkvQ,
2u9fc61w-3Q,
nrsE5BTe8uk,
VIIt1Bysmhw,
O_-ndYYF-d0,
pJqj_9GZe9w,
yllDWcotTz0,
sOrewSnvvQ8,
dJ9aOaXNXvQ,
0HUAB1D0bEk,
5sXe75GwY8o,
7WcQmgxWTXY,
iBbl01JtqDU,
o1xvNT9MXeQ,
bq_eqagmDQk,
4v60CD0MPF0,
yZmrK1nqHzc,
RAqoHYGBfnM,
o1xvNT9MXeQ,
bq_eqagmDQk,
4v60CD0MPF0,
yZmrK1nqHzc,
RAqoHYGBfnM,
zN3vhLMHUPw,
UUJ8rHU6Iko,
KTf6LcuvgZE,
lYebizIuhlU,
6c7TGhvrAzQ,
5A36Xwj9SEU,
9kqeG_PobUA,
8_EEe_doxsA,
8QYRX4oLEqc,
PF3MSETIo9M,
4XnqgSyW-uU,
rkcwCkR7-tQ,
TKw4P80W06A,
KF1yMNhq53g,
LFLKIE2AgEk,
RVyWEFq5gO4,
gJCEw51Afdk,
-JdamvzP6a0,
r-FVZIkDNxI,
kkn3EkPisBk,
rR6es-az7Vk,
j41RlF1Ntf4,
rKp7Ygs6hfY,
W-G_eJKd2xQ,
_gT8KcDgrDk,
c10eK84R0as,
Xt_caZPCXL8,
q1P3lvWoQ-E,
HsIf_f63QYU,
buZCrHmaCLw,
ZzJnVx8xvIQ,
vZzTrA2aElw,
F6hXHgcweBw,
CHC06zEktGY,
4AA46NCfA48,
Wk1TbB1bc0I,
YSPiQB1jM4k,
UpIAzr08fak,
1CqSc5zw9gw,
xpkdh0LT09g,
EMyPY1GvvDE,
ebALytCCKHE,
i848DYgfmcE,
FKeKPXALHuc,
QrWaYj9WjFI,
ZkBIBhBrOlQ,
0hgAA88ESnc,
ctilQu7nwxg,
MvfhaiBE3pM,
4Cu26vGQn9E,
ofRA993ERE4,
acGdywmDf3k,
I94PZ3q_u6M,
iPGyCUlt7Zo,
Av2mhijtlg0,
NL-c3Hy_vdk,
IpjReKbCjf4,
hU1xcjmf5m4,
W8aqZH83X9I,
r7HNJ5O2wdQ,
-GLHVUS9FcU,
Si4jbISiUVw,
ieIT_g7p9TY,
tLg3QPvLacY,
0ByxNrtQNow,
5SdTBG3HsL4,
Yc3gNa9ujYU,
R8N2zKxy1zY,
fg0Bb-qwmL0,
pSJURGGMfSw,
XW3V5Ta5Ydc,
sQXsJv_Lw5k,
9BKwK97R0Hk,
4m4tlwOs-Zk,
D6Q6doA7Sy4,
yQQ472O3d4s,
G9LUfk4Ft24,
2Svn9eLQKss,
USCtB4vNTQc,
_4k3MC0bMh8,
2piuF8oMObA,
o-ow_QeucbI,
9LwhxEulBGU,
RIWMJvZCIbs,
_H4Pkxq8l3o,
hqyBffDOVUY,
IlkcxK3ZLpM,
eM-wzIE4vKg,
8BW4-A81xIg,
ALfRC5YG0k4,
QDAYzl2aQp0,
Ljl2nLFnyiM,
3w_hUcwr8TE,
5gqq1fGnv6g,
gMnfYPA56gM,
S00mYlWizqc,
OY3OYwB10KY,
Plw0e_nFtuc,
ee0SlrYeKWo,
Ur-lVD2lITA,
QbWUFq82B2k,
VDWvxHXJijA,
0u-P3chJ5Xg,
CucyUZeBgWA,
Ind4nh2H0_0,
HFz680rNaLU,
Z5nuOTf_FyY,
wkxhjeiJo3A,
gHAEzooJO7k,
suAq_j7bdqY,
VqcOmxZCYnc,
-nJ5jUqRqMg,
fACLOp12uDw,
5NPgN8CW3iQ,
Ptb76LOlbi8,
lwg-nhor_v8,
AJrmGAoV42Q,
HI972KdqtV4,
hb4ymmj1bbs,
b92hmjoys5M,
qBGBC3VPt9I,
0OZ_A8R8tmU,
lafIhAHm2uQ,
xoGsWdg5jVA,
vnjza1svqYQ,
UjL4lh1ARaw,
xdmp4tbCxh8,
oT42C-HrTDk,
xNZqBOe4YVg,
-P_6_AJKuhI,
C6lfhuO3oxk,
BikVGKsLMwk,
W2F7zGPwNQI,
IawuVi5QCvU,
_zxulfQoQDY,
unpcO5pkqwY,
0e0TJskjhmk,
FIV9zxduRP0,
mfZ2WZDuxtI,
WvbxS-wjA-s,
X8sHhzBPUrU,
yNMv4cVM0WY,
IFeAn0w57EM,
LwEOmK5mSCY,
usqt2gf2NuM,
Ahb7j7rbbMM,
31p9f1vSsrw,
SgfTpzA3ezs,
gBsZt0n-wb4,
LDlW9c2Q6dA,
uLM-KBafPYw,
NF7ihYafgqY,
a6eOvyPSJcs,
dL5dpekApP8,
9C4c_QPLNK4,
7u0lD0WsgSc,
-FQLZ41dGak,
O-HV_tnYZ5w,
OaiKNqRui8I,
9G2uraTEfk4,
ayWOFSfjcCw,
Vh4WxDLPDBo,
Lr74gODyCqQ,
BiIxQCCbFcg,
aKWVBaEO0rg,
GidIZ38anQ4,
Cx80XRxyxCI,
WRbecJSrYSU,
5qKCiAW36ns,
H8P33IZNSVE,
T3fRDVOsYfc,
Rgvk5jyQe3A,
F6DDq2FMM7o,
nDhA_fcbpS8,
DBjm9C8fKiA,
E_CqNjc7t80,
1a_RE-7ojVA,
Gkh2EqJAhN0,
QGHUHEh5QA8,
DJ37Z6WDj4E,
VvAl6_dfAC8,
O-0Bwz-_MW4,
eyVuiiG_AGc,
PBDjZPpT6j8,
3S0x8lNHjKg,
2BdRtvpY0dk,
VGIn9TOyS9I,
5VJWKNMVoZ4,
DdrEMcel3nw,
R4MY98KLJsI,
iUD3j_FK_v4,
OU4cuXR9dKY,
BmqjQ2pvLTs,
_AY5Kds5JMY,
fwjrIdA-jyA,
aDUh3tTbxPs,
mB0y5_knUBc,
jgTU2IuxYd4,
G1rr2aE6hz0,
FmWrmv4dwlo,
h2kNE4fHiQs,
JZXT8AxIL5U,
PqzmrKMcSe0,
WrUh0C26rqA,
O2oQ0vtBT7U,
njGqG6hQCRk,
NpKpFRNeKeA,
WeGY1j18oQ4,
FxZLHVsuwZg,
YpjUtfGhNkc,
DoRJMc21f6c,
x5MePb5i3P0,
v02R5d7Lg7w,
WW4b-4Gx8dY,
9_9BIP369aU,
ham2mGl5QkU,
v33_23PJ_jQ,
Dp66fZmbh6A,
YC3B9Rx4yIg,
2iEoqztWbZA,
gi_pJeLAbGA,
qsJkzzAss6A,
Ozuz_l0TN_I,
Cz6OpYvh-Rk,
HR4rrWrNTok,
Nl8otbwNnpE,
JALZDQoQ20k,
8kQ7_BXoQ5M,
wsv56RDRLCA,
VfaH9zCtDRw,
8UZamBr6tgM,
7M-MHrLOt9k,
T38tV0DE_zM,
8qrMJ3se28A,
0IgAdy91Uio,
vTKmRbhIRXE,
koV2m5DcT-k,
RbAwJCCi-Mg,
lG1tJ549ofU,
fhnQ4_Gi8GU,
fP9aJ98THxk,
vQaX-eYCs_M,
5gV6f0iYBpw,
mp0kxefVzd8,
0ooC76rWLps,
4F7R9DfwvY0,
yyyq0cxLdWQ,
VOCaNUreZiU,
4BQFvouSDOg,
bgOsDrdBeWs,
lbQO3Q2ucgo,
yD2xRwbg2AY,
bTYsIlyRjOg,
G90vWXwYIzo,
SQPOOSgFL4U,
OniiDH-iaD8,
v7tfWAUG4XU,
D31XjOFoPAw,
xo91RUvtA-c,
qvLNdKvCNlE,
dot4q4E_ZyE,
aqCkr58VoLU,
FiU1mCRRybI,
28EeUzoEQnU,
8W0dWOF6hg0,
wqkcLN1o8oA,
wMPaqrBI9vA,
5ap0IFAVIFs,
rn69Y3tHslA,
HIea8TtLnA8,
TUgknDAjPdM,
fmagPrWCIAE,
vZ5e_dfOKKw,
Q0-pmHLovlA,
tyMb3jMztXs,
XLcgBeuQNe4,
34hcyB0l_lI,
HzLnvNvXAsg,
HEIGRuF8TJE,
nu_BlhepSME,
vZ5e_dfOKKw,
Q0-pmHLovlA,
tyMb3jMztXs,
XLcgBeuQNe4,
HzLnvNvXAsg,
HEIGRuF8TJE,
7NjfdOEbk7Q,
nu_BlhepSME,
sccbJOPbOF0,
35W8pF2-kpc,
VFlSNEmyX7g,
TrZ_jwp9lWg,
-vu-KOHhb1Q,
U5h5LA0GUpc,
fzOVmU7Gb48,
AOGx428D_WU,
39DpWKTIn3g,
iCFhpzwbctc,
ROwhpbEMiUs,
Vj_PEedAGWs,
mI8Ab0cAVoM,
j0HC-zIAS4E,
kBkz1SQuh0o,
C9gFg7WjpdY,
VDrwnwhOMeY,
Cda-rgWkfOc,
uvzMj1rNjpw,
TNRJyMgwYDY,
J_FgUoaKLns,
cGNWleFXMow,
swfOOExF_YQ,
JZNlhLRAjMw,
yTtNmxsk6oc,
_IARCYf4MfE,
xOlKDxSwZCM,
M8NaFpYnBlU,
ESP6HWGX3wo,
hut6KvrIRZE,
gNYKLX0W0Pk,
XWOH3EyB_ec,
XWOH3EyB_ec,
EdVy2Inkb84,
ZZNY1SZaIds,
VXpNxYVsLi8,
1m7B4vI43BE,
eMu0AkOaRJI,
BbXMgHfIQdY,
5HpT14Jydcs,
R43fzQOkBok,
CGrYHwbkrwg,
1VNgbxDHxoA,
BPC_F5gYLAA,
pgzQgX3MzsA,
8zdBcpzr3Y4,
wt5HvtReLew,
in1CG_eBmBU,
LUsOpcQdBys,
QOjLajCAYK4,
M4ouMKdWpoM,
0YMRMK0LqbI,
QOjLajCAYK4,
M4ouMKdWpoM,
0YMRMK0LqbI,
G_PutQ7uUEg,
YRrnIgIGdoY,
Bm3s-7rZrKs,
6XuyO4ROsQw,
na2YMSza1mU,
w8SACz-l4DE,
e934WvSNCao,
7DNh-15CwUQ,
g5jwvaXu6rk,
02SO3juNCsQ,
WlK7o7l35Ag,
NHh7W0c9j8w,
7ogFeeV-XQw,
XCWN5zStCIs,
GF5JFjG96Jo,
B663NcBRo7I,
OI1wbvd7UbU,
3z2JoqU-JiE,
fy7Ar51jfhc,
z886ifLGwbo,
y4PIkqPfzJo,
8YxgdEO_KIU,
fy7Ar51jfhc,
z886ifLGwbo,
y4PIkqPfzJo,
8YxgdEO_KIU,
yGuXS-LVlNk,
yGuXS-LVlNk,
uhonMbfnmeE,
iSbkZt5bLXU,
R8U-KA48eP4,
b_dnJJ0cTCk,
n44Ie62qoWM,
v7q3wY11_8Y,
GXMvOoevy9M,
AxozMhyGy0g,
VXxmYW74osI,
GkKI938cLI4,
fRPkCG2NxXM,
XPYFh60epgs,
QX5GQ0JrFlE,
5X3Pvjpts_A,
XPYFh60epgs,
QX5GQ0JrFlE,
5X3Pvjpts_A,
DJG040NbhCE,
Ht22ThgqESU,
NmPCDpbAREw,
-hJeatYbiiU,
mIuqPjKYoUE,
tubrkdNXh6I,
Wx2CrebpAPA,
tubrkdNXh6I,
Wx2CrebpAPA,
ZuizlN2vM7I,
IfzFAxoYnZs,
Xf-CAel9afw,
D5koM8xithk,
1bMOCi9UcWI,
h2iEUEIZlek,
DgnwEchQ6GY,
2nC-GvKnjFk,
zR0OnzR-oUE,
UBAYL5g0nEk,
6O4C14PSnfM,
xUWAZYkf9y8,
kOQ-P1yxDX0,
6O4C14PSnfM,
xUWAZYkf9y8,
kOQ-P1yxDX0,
hl5txOjLddQ,
h_HDWrPS1hI,
eXvklxzbLLk,
g2dhcGRlvzM,
qVwJNNcIM2A,
YA-i_qfuXBs,
qjTxkdhKTtg,
UKnF5LdGZRo,
Y0HP30W5Jxw,
cUSpsf1g_ho,
mIQFJsR5LQg,
Pv1c4dDkRd0,
jcc7kG12OCg,
I_4LSeqGnUk,
aEMZQ9BT8ek,
IkJjIWNidb0,
A66YrnDU928,
ylIWQKHRdQ0,
lJEvBPAuKUk,
RQbcooFYTWM,
cnZGPdBVN4k,
h2PZTziUS9k,
1mfu2Z9neFk,
ylIWQKHRdQ0,
lJEvBPAuKUk,
RQbcooFYTWM,
cnZGPdBVN4k,
PHYU8PtmxlU,
RezWXG986JE,
tPoVDSnSgEQ,
D59ZgO_Ltsc,
64fiuTDAv8Q,
SuAYBjIRk0o,
VJz73sQY7rs,
vaHyd-dcyc8,
fbDUbmVYoIM,
0b4qK92EIWc,
fbDUbmVYoIM,
0b4qK92EIWc,
VmSSZvXh7r4,
2XqKASxFJP0,
pm74reA9nWk,
C36-HxrjQyU,
2g3cdkWNE2s,
A6GB2WdcUbw,
x-97FsRUHu8,
lkiAfzR0HXA,
A6GB2WdcUbw,
x-97FsRUHu8,
lkiAfzR0HXA,
wKKlfsnZOAY,
HhfvbnL0K2A,
GmMN7G4Hfug,
2mJdOu9PxBI,
7bsHI9sYoM8,
m3TyTkAmd74,
j5uCv5_0B2U,
miMC3YCRhdk,
UPowAj1wnUM,
I79-qPlik8U,
r_c7K8Ipztg,
JLsNpjPuu4w,
5tEJ5Da-JjQ,
PlYo7Y02gk4,
pb5ULCTo3LU,
N1wic3ye4A8,
hSX9GIas09M,
Ozce1EYBdmM,
oDFLa4ce0Vk,
cqBFVb-qlJE,
zjx4hIpgjlw,
tTm9pSc-BW8,
9ATDctTjfmE,
IA1MlanKFek,
W6T3UK9nxi4,
38nV1BhcepE,
4iBSPonssfA,
J3Rd36QM0y0,
KQFVhAYnzVI,
mr2TWyiJgww,
RG1BzJ0fqsw,
erLNU0cJvkY,
zpBHgNuIGyw,
pINdQXEJefI,
eU_luB68tL0,
AjX4_k_DPjc,
DawIo2PCqBY,
pP1SPkt753Y,
Oz2g90wMsss,
Cd7JkvcBH1k,
AVzve8UalQA,
FQDGXMdiAHQ,
ktL1PG-YXks,
pAYZYraWyyI,
75XygYTxNCE,
VEpP_HWSvKs,
qd2YK46r8kQ,
y8RSbunK-pc,
J7YHJ6O_134,
lW-lG_2DheU,
tcAhKOa-L_Y,
QC2O3piOdXQ,
BHPa8x-2iuw,
XeNeeYbT8DQ,
ja3-dv9dJWo,
5f7gO5pKmnI,
eSCuqr64B4E,
eSCuqr64B4E,
ws2kNkPHZCA,
zpsB6xNv2ho,
jFPCsaDnB2c,
-dSpy82CXg0,
VAdgn69L3C8,
yPeqZNNgzek,
AWeURu8jQeY,
HfYZwpnG0J8,
YPrCvCE1LvE,
0CMUgevJcEE,
BJyH3lPQR3U,
T_SwoDlC1v8,
AbjRq0aSi1M,
lBtiTFTNCoY,
RclvhLSrQFA,
HES7mjykdX4,
7D0KNuoXaPM,
yGGOVwf-FrQ,
aw2f2rmMJmI,
EmxajK5B8sk,
HHKXeFH1X2U,
tY7qrj32ri0,
OI-_a0bWM6w,
AlP8HToqYhA,
AlP8HToqYhA,
1MojQMpYKiY,
1EApyMGsNJ8,
k6RMOnJEL-o,
dgPv2tWaBnQ,
hEjvCdunsMM,
N0PDJ-GRZC0,
q9llNVNdSiU,
wLY89119Yhs,
2nS35ht-Ga0,
WG4YewaXDK8,
sfIZYEX6na4,
J7VLnh83ysM,
DpSkjZ_2u3Y,
Z1gEaH10n7I,
ZQODo8PpaEY,
XNNFnfq3jAU,
KlNfKWYxBUA,
e6nZ85cl6WI,
nw-N2Uy-tB0,
nl0sYThTlVw,
5FK9fmzTCYo,
4ljyMqU7KNA,
KzkPFPTGfQo,
OEUZFF7Pfy4,
4ljyMqU7KNA,
KzkPFPTGfQo,
OEUZFF7Pfy4,
0YRRH4g_yA0,
jmVV4VHToHc,
2y5xBzZGHdU,
m3MgxfTP9DQ,
jieR8na3p7Y,
m5Eax2lmo-k,
IjhOKFYpdOg,
2xgw6Bz39pg,
ND_Z0BnRMxA,
4CgnHGRUOMc,
LkuAMnWNFQc,
yYrYchGElek,
k5JBINyNBS4,
DIOCRHp9K2g,
KKiuV4h60Kk,
XvgNgM_lVVk,
CyH8Ze_Y-Jc,
iUrS5O8PjJA,
u81k-QoLMaY,
5KIFePpcos0,
26h41nrQoK4,
_ODK3dSejvs,
u81k-QoLMaY,
5KIFePpcos0,
26h41nrQoK4,
_ODK3dSejvs,
IdFiTtRtNE4,
73ariBoV27E,
pGluXomrsHM,
ZXz2lHWE--4,
h0OKoVebxQM,
yC7n3L85SwQ,
skvUHMisnKQ,
m8oxJP4RM0c,
UodT-XwtyXM,
JrW8k4O_mzE,
eRFAUYRF3yY,
uMUNIijaWgc,
co0lRVOSmzM,
CeW7VSNvH5I,
ug_88WVn4gQ,
G70OkVfeHE8,
xn2RtGLsdVg,
88Ro1cZIaVA,
RMAiQnvUs6A,
fxqByQqBf0o,
UfT4aWmTmSI,
tqLqodBr0Vw,
aJnTuxXkFl4,
XipST_ke8fc,
g7iX4nADtPk,
kIgE5iiDvcU,
aJnTuxXkFl4,
XipST_ke8fc,
g7iX4nADtPk,
kIgE5iiDvcU,
RQo7wQz0sYo,
lKdD9cPaFZo,
8y3WT35uI_I,
uZjZ6AwBMQI,
pZ0hWTtfP5w,
zDgUOPLRuXA,
iqdmPzsArgA,
3Wpzn6soqBc,
xJhiNrOiPkk,
QVwjYSZ2_I4,
_csBkS_ZFIU,
50tQPtn1fiE,
xgVzx0vq-Iw,
Ha5RroPuqE8,
eHRmhWVwqwg,
Q4iJAWlvWmw,
jXSinQ503YM,
dmHIGoziTrY,
bvVchdjy5go,
kd_1_4R4Nvk,
L0WIdYeJHKk,
L0WIdYeJHKk,
LmlPbubynnc,
3ZYXpzfh1uA,
uZOAj4jcuyc,
tdfkUIiS6nY,
uZOAj4jcuyc,
tdfkUIiS6nY,
KyldZ3Ilaig,
K9D6dhqJ9nk,
cvptqaJ6uFc,
uZOAj4jcuyc,
tdfkUIiS6nY,
KyldZ3Ilaig,
a1nO2SO6HSw,
K9D6dhqJ9nk,
etZrIMyYpZk,
0bQfdw6uDpw,
T_4aQY-FuXc,
M5hUCF7dtY8,
1mPn_5C-6As,
iwkPXjte7jQ,
txzoylyq3SI,
etZrIMyYpZk,
0bQfdw6uDpw,
T_4aQY-FuXc,
UF3p7nFcItk,
gO-XnNx7QaA,
SOwGPEnYJzk,
NJ6W0VznNYI,
OKfpmcpE9XI,
p0qdFz9-n9E,
Tmb8KilwJ4s,
7aX-8F-ndeg,
IyRsBJET5Es,
Gr3SpnSZOnw,
WuNObyDPkRw,
gHHVZ3zl6TU,
Dw-GN1YjG0k,
MhHkjwneRVI,
EeOnfVJSDr8,
W3zxeyaO-ZI,
ll-SILZmTyE,
nLfJ-JE9kts,
hRpZGtxdJ3A,
TNblIT5z1oo,
o5gm9BlcEDM,
YDzggWmCwkU,
y05kScfXQAs,
8TF3YtBoOkI,
i_Gh72dbGMY,
nLfJ-JE9kts,
hRpZGtxdJ3A,
TNblIT5z1oo,
o5gm9BlcEDM,
YDzggWmCwkU,
bD0PMlkIpBo,
No5uBGX7t-M,
UqVsjXtazF4,
V5NBDZ5f6UM,
hgaotensSrI,
FkY7DlLKw40,
-Hn43WGe4ws,
6-DPNto7Ruw,
eLotnLzLWpE,
aQGeWXzaQ4Q,
aQGeWXzaQ4Q,
m9kgn432wGo,
Y5ELNpJEKgM,
RMJyAGUsEx8,
AYSy3pohIaE,
bJpRsR_gFzg,
qRwCE4tuJLc,
phNblzVd79s,
ssMh_XX3VLU,
zyQ7SX8BdWY,
H-eBoWsm1K4,
dEXAfYJ8Dvo,
2DlNYID6vHk,
_9AhkpNhXhg,
fWeDShk-Zq8,
kUrjdAtJYuU,
DlTMbuzeiew,
aD25JDX51sE,
Y4B3ASrBl3Q,
bXR8Uj1jzCY